content,sentiment
Wants to know how the hell I can remember words to songs from years ago but canâ€™t remember what I went into the next room for!?!,happy
Love is a long sweet dream & marriage is an alarm clock..,happy
The world could be amazing when you are slightly strange.,happy
My secret talent is getting tired without doing anything. ðŸ˜€,happy
"Khatarnaak Whatsapp Status Everâ€¦ Can\â€™t talk, wife around",happy
The new way of forgetting your past is deleting your chats ðŸ˜›,happy
"204 countries, 805 Islands, 7 seas, 7+ Billion people and Iâ€™m still single..",happy
Availableâ€¦. Prabhu ichhaa takâ€¦â€¦!!!!!,happy
"Life is too short to be serious all the time. So if you canâ€™t laugh at yourself, call me I will laugh at you ðŸ˜€",happy
A really cool feature of the Nano they donâ€™t tell you about is that even beggars ignore you at a traffic signal. Relaxing facility.,happy
"You love flowers, but you cut them. You love animals, but you eat them. You tell me you love me, so now Iâ€™m scared!",happy
"All person b very careful when u step out today n tomorrow. . They r looking out for bakraâ€™s, Canâ€™t afford to lose any of  u  ðŸ˜€",happy
"Men have feelings too. For example, we feel hungry.",happy
3 horrible things in life: 1) Slow Internet. 2) Slow Internet. 3) Slow Internet.,happy
My teacher today gave 45 minute speech about not wasting time.,happy
"Women loves shoes bcz no matter how much & whatever they eat, the shoe always fits :p",happy
Never laugh at your wifeâ€™s choices. ..you are one of them â€¦,happy
"Thank God there is No Hindi version of WhatsApp otherwise ""Last Seen"" would be ""Antim Darshan"" .",happy
Hey there! Iâ€™m using my brain.,happy
I put my heart n soul into my work and lost my brain in d process,happy
"Faces u make on d toilet:
(o_o) , (>_<) , (0_0) , (^_^)",happy
"Getting married is a lot like getting into a tub of hot water. After you get used to it, it ainâ€™t so hot.",happy
"Sorry about those texts I sent you last night, my phone was drunk.",happy
"When a bird hits your windshield, have you ever wondered if God is playing angry birds with you?",happy
Taking your ex back is like going to the junk yard and buying back your own crap.,happy
I donâ€™t know why I keep a plastic bag at home full of plastic bags.,happy
I work out everyday I do 1 sit-up every morning when I wake up.,happy
One wise guy invented Whatsappâ€¦ and his wife added last seen feature ðŸ™‚ ,happy
I wish I had Google in my mind and antivirus in my heart.,happy
(-_-) x 1.3 Billion people = China,happy
Youâ€™re beautiful until your Photoshop 30 day trial has gone.,happy
"When you wait for a waiter in a restaurant, arenâ€™t you a waiter?",happy
I love my six packs so much; I protect it with a layer of fat.,happy
WARNING!! I know karate â€¦..and some other words!!!,happy
I Wish My Parents Were Like Google. They Should Understand Me Even Before I Complete.,happy
Watching PKâ€¦ After PK..!!,happy
A man says a lot of things in summer he doesnâ€™t mean in winter.,happy
I Wonder What Happenâ€™s When Doctorâ€™s Wife Eats An Apple A Day ðŸ˜‰,happy
"Study economics-when youâ€™re unemployed, at least youâ€™ll know why.",happy
"Hey there, Iâ€™m using 123whatsappstatus.com!",happy
Women- Godâ€™s version of Rubik cube.,happy
"Tum mujhe â€˜Hmmmâ€™ do, main tumhe â€˜Kâ€™ dunga",happy
"SI unit of ignorance = ""online""",happy
"Hey there, Iâ€™m using my parents.",happy
"Donâ€™t use bathroom in your dream, Itâ€™s a set-up.",happy
"There are 3 types of people in the world- vegetarian, non-vegetarian & Tuesday Saturday.",happy
"My laziness is like 8, when I lie down it becomes infinity ðŸ˜€",happy
"Accept that some days you are the pigeon, and some days you are the statue.",happy
"WhatsApp free hai, main nahi. ",happy
Nobody is perfect. Even dettol kills only 99.9% of germs!,happy
"Iâ€™m on a sea-food diet, I see food, I eat it!",happy
Exams in the university are closer than they appear.,happy
Decided to burn lots of calories today so I set a fat kid on fire:-D,happy
I remember when my old Nokia phone said I had low battery it meant that I had 2 days to find a charger. :â€™),happy
What if girls can read mindsâ€¦ Every second a boy gets slappedâ€¦,happy
"I have come to the conclusion that Google must be female, as she has the answer to everything!",happy
"Girls are like police. Even when they get a hold of all the evidence, they still want to hear the truth from you.",happy
"Mirrors donâ€™t lie. Lucky for you, they donâ€™t laugh either.",happy
"If you love someone set them free. If they come back, set them on fire.. ðŸ˜‰",happy
When someone hates you for no reason. Give them a reason ðŸ˜›,happy
Non-urgent calls only!! :p,happy
Sometimes I think to write LOL at the end of every answer in exams,happy
"I donâ€™t care what people say or think about me, at least am attractive to mosquitoes ðŸ˜›",happy
"Iâ€™m not sad for being single. Rather Iâ€™m thinking about her, who is single because of me.",happy
"Not always available, try your luck ðŸ˜‰",happy
I think Uruguayâ€™s Luis Suarez is the man to bit the Appleâ€™s logo,happy
The average millionaire goes bankrupt at least 3.5 times. I have gone 2 times. Pretty Close,happy
55% of people will yawn after reading the word â€œyawn.â€,happy
Typingâ€¦,happy
Oh! Game over and you lost me ðŸ™‚,happy
You can do anything but not everything ..,happy
Three Mistakes Of My Life : WTF (Whatsapp Twitter Facebook),happy
Hey there WHATSAPP is using me !!,happy
"Waiting for ""Ache Din""",happy
"Dear math, Iâ€™m tired finding your ""X"" DUDE she is gone, Please Move on Bro. !",happy
NAMO (MODI) victory has proved that a man can succeed only when his mother is near and his wife is awayâ€¦,happy
The word EXAMS make me sick without PAIN.,happy
"My koochi my poochi please get my Gucci, Even if you have to sell all your blood.",happy
"In todayâ€™s world u donâ€™t have to b smart, only your smartphone should be smart.",happy
Mera status dekhkar aapko kya mila? BABAJI KA THULLU ?,happy
We have a history together â€¦â€¦and English and French alsoâ€¦.. ðŸ™‚,happy
I am in a relationship with studies and itâ€™s complicated.?,happy
"Some people just need a High-Five, on the face.",happy
"I prefer work smarter, Instead of harder",happy
My Condolences for confused in love and for broken Heart,happy
"Act crazy, donâ€™t regret, do things you would never ever do because life is short so live it up! ðŸ™‚",happy
I hate that people who fart silently in public,happy
"My phone is on airplane mode, WTF itâ€™s not flying!",happy
"After marriage, the other manâ€™s wife looks more beautiful.",happy
Team work is important; it helps to put the blame on someone else.,happy
Life is beautifulâ€¦ from Friday to Monday.,happy
"I will marry the girl, who look pretty in her Adhaar card ",happy
"I never forget a face, but in your case Iâ€™ll be glad to make an exception.",happy
Being underestimated always serves as an advantage!! ,happy
"Confession is good for the soul, but bad for your career.",happy
"Isnâ€™t it scary that doctors call what they do ""practice""?",happy
Two peanuts were walking into a tough neighborhood and one of them was a-salted.,happy
"Never make the same mistake twice, There are so many new ones.",happy
Someday short people are gonna unite and take over the world.,happy
"I have flabby thighs, but fortunately my stomach covers them.",happy
Installing love. â€¦â€¦44%. Installation failed. Error 404: install money first.,happy
Kids born in 2000 never have to worry about forgetting how old they are.,happy
"Vegetarians, if you want animals to live, why do you eat their food.",happy
Bungee jumping is suicide with strings attached!,happy
"If the stuff that comes out of my mouth upsets you, just think of all the things I keep to myself.",happy
if your dog barks nd ememies laugh take it serious,happy
Bye bye Everybody bye bye USA,happy
"People say you cant live without love, but I think oxygen is more important.",happy
I love being married. Itâ€™s so great to find that one special person you want to annoy for the rest of your life.,happy
"Iâ€™m take a nice long shit, so donâ€™t stress me !",happy
Happiness is homemade.....,happy
Smile and the world smiles with you.,happy
DON'T FoRGet To Smile.,happy
A smile is a curve that sets everything straight.,happy
"When life gives you a hundred reasons to cry, show life that you have a thousand reasons to smile.",happy
"Smile and let everyone know that today, youâ€™re a lot stronger than you were yesterday.",happy
The purpose of life is to enjoy every moment.,happy
Learn to make yourself happy.,happy
SMile! every minute of the day.You never know who is falling in love with it.,happy
Aspire to Inspire before you expire,happy
A fake smile can hide millions of tears...,happy
LIFE IS BEAUTIFUL *Conditions Apply* ,happy
COUNT blessings NOT problems.,happy
Every time You smile I smile.,happy
YOU know what's beautiful? Read the first word again.,happy
Happiness is a perfume you cannot pour on others without getting a few drops of yourself.,happy
Be happy for this moment is your life.,happy
Let your smile change the world But don't let the world change your smile.,happy
"The best feeling in the world is when the person you like, likes you back.",happy
Smile is the best medicine in the word . . . . . so please keep smile,happy
One of the keys to happiness is a bad memory.,happy
"Expand your happiness by sharing it with. The larger a rainbow, the more brightly it shines.",happy
"Smiling is infectious, you can catch it like the flu. Someone smiled at me today And I started smiling too.",happy
"The more anger towards the past you carry in your heart, the less capable you are of loving in the present.",happy
Happiness is not something you postpone for the future; it is something you design for the present.,happy
"Brain and Beauty doesn't make you best in the world, but how beatiful your THOUGHTS to beautify this world.",happy
Always believe that something wonderful is about to happen.,happy
"Next time when you think about a wonderful & beautiful thing in life, don't forget to include YOURSELF in it.",happy
"HAPPINESS is not determined by what is happening around you, but rather what is happening inside you. Most people depend on others to gain HAPPINESS,but the truth is, it always comes from within...",happy
When you finally let go of the past something better comes along.,happy
Noboday can take away your PAIN... so don't let anyone take aways your HAPPINESS.,happy
"Simply seek happiness, and you are not likely to find it. Seek to create and love without regard to your happiness, and you will likely to happy much of the time.",happy
"Dear whoever is reading this... You're beautiful and someone out there is crazy about you. SO, SMILE! Life is too short to be happy.",happy
The best way to cheer yourself up is to try to cheer somebody else up.,happy
LIVE for the moments you can't put into words.,happy
"As soon as you TRUST yourself, you will know how to live.",happy
"Enjoy the little things in life, for you'll one day look back and realize they were the big things.",happy
No one is the reason of your happiness expect you yourself.,happy
The most important things in life aren't things.,happy
"Why waste you time getting hurt by someone, when there's someone else out there waiting to make you happy?",happy
When life gives you a hundred reasons to cry show life you have a thousand reasons to smile,happy
"Do not let your past rob your future. Each new day is a chance to make a new beginning. Count your blessings, live with gratitude and love with all your heart",happy
I can always make you smiling.,happy
Iâ€™m wearing the smile you gave me.,happy
Happiness means you. I Love You.,happy
Be the reason someone smiles today.,happy
"Smile and forgive, it's the only way to live.",happy
"Next time when you think about a wonderful & beautiful thing in life, don't forget to include YOURSELF in it.",happy
"The lower you set your expectations of people, the less it hurts when they disappoint you.",happy
To be beautiful means to be yourself. You don't need to be accepted by others. You need to accept yourself.,happy
"Strong people know how to keep their life in order. Even with tears in their eyes, they still manage to say ""I'm ok"" with a smile.",happy
Think big thoughts but relish small pleasures.,happy
Happiness is not ready made it comes by our own actions. ,happy
The secret of happiness is doing what you love. The secret of success is loving what you do.,happy
"If you cannot be a pencil to write anyone's happiness, then yous hould at least try to be a nice rubber to erase someone's sadness...",happy
"You know life is worth the struggle when you look back on what you lost, and realize what you have now is much better than before.",happy
My Real Smile Comes when i am with you.,happy
Youâ€™re the reason behind my smile.,happy
A lot of people end up unhappy because they make permanent decisions on temporary emotions.,happy
So many of my smiles begin with you.,happy
Happiness is when â€œLast seen atâ€ changes to â€œonlineâ€ and then to â€œtyping..â€,happy
The happiness of your life depends on the quality of your thoughts.,happy
We're so busy watching out for what's just ahead of us that we don't take time to enjoy where we are.,happy
"Be thankful and count your blessings for what you have, rather than what you want.",happy
"In order to live well, you must makes a conscious decisions to be happy! Don't let the liitle things in life ruin your day.",happy
SMILE It will make you look better.PRay It will keep you strong LOVE It will make you enjoy life.,happy
I am always satisfied with the best. ,happy
Train your mind to see good in everything.,happy
Smile! It is the second best thing you can do with your lips.,happy
Happiness isn't a destination. It's the journey you choose to take.,happy
Spread more love than hate.,happy
"You can't buy happiness, but you can buy ice cream. and that's kind of the same thing.",happy
"Sometimes your existence give hope to one person or your smile make someone else smile,so value yourself.",happy
"I slept and dreamt that Life was joy. I woke & saw that life was service. I acted and behold, service was joy.",happy
A good laugh and a long sleep are the best cures for anything.,happy
Every day we are given is a gift and we should treat it that way.,happy
The happiness of your life depends upon the quality of your thouhts.But the quality of your thoughts depends on the persons whom you meet in your life...,happy
"Never miss an opportunity to make others happy, even if you have to leave them alone in order to do it.",happy
Cry. Forgive. Learn. Move on. Let your tears water the seeds of your future happiness.,happy
I have Many problems in my life...But My lips don't know that' They Always Smile..,happy
Deal with your problems before they deal with your happiness.,happy
"Choose your thoughts carefully. Keep what brings you peace, release what brings you suffering. And know that happiness is just a thoughy away!",happy
Theres no fun in a perfect life. So make a risk . Take a chance. Go where the mind takes you.Have fun.,happy
Laugh alone and the world thinks you're an idiot.,happy
"I am stronger because I had to be, I am smarter because of my mistakes, happier because of the sadness I've known and now wiser because I learned.",happy
"Sometimes the greatest gifts in life are the ones you cannot see, but the one you can feel.",happy
When you think you're not happy with youe LIFE always think that someone is happy simply because you EXiST.,happy
"Faith keeps you strong. Love keeps you whole and happiness keeps you alive. So don't be a downer! Be happpy, be strong, be free, be alive.",happy
Don't let the sadness of your past and the fear of your future win the happiness of your present.,happy
Smile in front of people who hate youâ€¦ Ur happiness kills themâ€¦,happy
If you aren't happy with being single you will never be happy in relationship. get your own life fist then share it.,happy
"Don't wait for the good days, just live the bad days as good as possible! ",happy
"You don't need a boy to keep you happy, all you need is to be yourself!",happy
"I hate when people say they miss you,but donâ€™t make a effort to speak to you or see you. !!",happy
In order to stay happy in life you have to get rid of the things that make you unhappy.,happy
"The key to achieve inner happiness is to strive to make someone else happy, Instead of trying to make yourself happy all the time.",happy
"Laugh when you can, apologize wen you should and let go of what you can't change.",happy
Happy people don't necessarily have the best of everything; they must make the best out of everything they have.,happy
"Everything in Life happens for a reason, STOP worrying about the reason and just LIVE for what HAPPENS!",happy
Love what you Have. Want what you Need. Accept what yoru Recieve. Give what you Can. Forgive what you Can't. Bless what you See. BE THE LIGHT.,happy
"Whatever makes you feel bad, leave it. Whatever makes you smile, keep it.",happy
And when you smile the whole world stop & stares for a while .,happy
As long as you are looking back on the past you will never see what's ahead in.,happy
There is no begining or end to your dreams or plans. Life is journey from moment to moment. Live each moment to its fullest.,happy
Smile and others will smile back,happy
Kindness is the most meaningful form of progress.,happy
Play the moments. Pause the memories. Stop the pain. Rewind the happiness.,happy
"One of the simplest ways to stay happy is to let go of
all of the things that make you sad.",happy
Naughty by Nature. Wild By Choice.,happy
"The key of my happiness, just forgetting my past.",happy
I believe in love and marriage but not necessarily with the same person.,happy
Without Her Permission I Will Touch Her Only To Wipe Her Tears..!,happy
I'm easy. Are you?,happy
KISS ME.. I am Magically Delicious.,happy
"I finally realized this, I need you more than I thought.",happy
A secret is what you tell everyone not to tell anyone else.,happy
Never place the key of your happiness into a pocket of another.,happy
"Happiness temporarily escapes into the wilderness sometimes, but it returns to fill your soul.",happy
The inner soul indulges in your true happiness. Feed it.,happy
Donâ€™t analyze happiness. Let it flow without analyzing the rationality of it.,happy
"Most people chose to be certain that they are in a miserable state, rather than leaping into the risk of being happy.",happy
A way to spark of your soul journey into happiness is sparking light into anotherâ€™s happiness.,happy
"We should quit trying to be happy, we missing out on the good times!",happy
Birthday Quotes for Boyfriend,happy
Happiness sparks off once one has mind settled but then sparks all over in random spurts.,happy
"Not many wish to share in your misery, but all indulge in your happiness.",happy
"Happiness cannot be commanded from a life program, just delete unhappy brands blocking access paths.",happy
Laughing without cause are passionate expressions of true happiness.,happy
Apology Quotes â€“ Apologize Quotes,happy
Tune into happiness with that life song on happy melodies.,happy
You do not have to be officially certified and graduated to earn happiness.,happy
Count your troubles away and delve into countless joys.,happy
Do not start to be aware of what a wonderful life you had in the past tense. Awaken to it in the present.,happy
Birthday quotes for boyfriend,happy
"Happiness is not miles away; it is right by your side, clinging to you to grasp it.",happy
The moment of exploring in anticipation is a clinch of happiness beyond the final cave of it.,happy
"Differing self-fulfillment paths are taken. Just because others are not on the same road, does not mean they are lost.",happy
"Questioning what brings happiness is difficult to answer. Wealth has failed. Poverty has failed. Sadness and happiness are parallel trails. Each time you pause, one of them intervene your space.",happy
"All attempt a reversal in the life puzzle, they begin by trying to build more wealth and assets to be happy. The correct path is first to find your true happiness in order to grow into abundance.",happy
New Relationship Quotes,happy
Man strives to be happy leaving his pathway to happiness impossible.,happy
Serve your happiness wants elegantly on yourself.,happy
Reap and enjoy your happiness harvest.,happy
Hold your head high and straighten up shaking depression bubbles to air away.,happy
"Crush quotes, crushing quotes",happy
"Pleasure on earth comes in stray packages, waiting to be seized.",happy
Donâ€™t fade away precious moments making up your mind about being happy. It is about letting go!,happy
Happiness is a realm of true courage.,happy
"It is not fit to bear burdens of great joy, seep into tranquil pleasure.",happy
"Happiness is not about finally getting something we desired, it is about appreciating what we already have.",happy
Compassion is the key to the happiness of others and your own.,happy
Happiness is a seed that roots into a blooming bliss.,happy
"There are moments now and again when all in the world is just so right, a gentle heavenly wave on a soul journey.",happy
A happy childhood never expires and can be embraced at any time.,happy
Happiness is good health with a poor memory that eliminates all the lifeâ€™s failures.,happy
"Love, laughter, health, abundance and a tinge of luck â€“ The Joy of happiness!",happy
Happiness is the by-product of a goal.,happy
"Happiness is not a location, it is a direction.",happy
Outward beautification needs a soul happiness expression to resonate.,happy
The true cosmetic for beauty is happiness.,happy
One that is happy will devour enjoyment of the scenery on a detour route.,happy
Be one happy person. This is a true formula to stay happy.,happy
One obstacle kerbing happiness is expecting too much of it.,happy
Sculpt away misery engraving happiness into your golden flame of life.,happy
Happy thoughts are seeds that sow positivity in abundance.,happy
Happiness is an ideal of imagination and not reason.,happy
A heart filled with joy has more worth than a pocket of coins.,happy
Happiness is not limited in one direction and spreads to all life quarters.,happy
A satisfaction overdose leaves you bloated in happiness.,happy
One loses happiness when wishing for more happiness.,happy
Avoid misery by having sufficient leisure to wonder about your state of happiness.,happy
"All have a basic right to pursue happiness, just grab it as it waits in your path. Or create the happiness you desire.",happy
Bliss comes to those who are not on a chase for it. Chasing it will be a futile and exhausting path.,happy
The root of unhappiness is a futile search for gaining happiness.,happy
Being content is a blessing that is not disguised.,happy
Happiness is a nest of love.,happy
Do not postpone happiness. It is not a temporary phase but interwoven with eternal blessings.,happy
"We are in no position to be in control of the world, but we can control our reactions to our life encounters. Choose happiness.",happy
Happiness prevails in the present and revives each new day in its presence.,happy
Happiness is a form of spiritual and harmonious spring you do not want to stop the feeling.,happy
A good exercise is to jump for joy!,happy
Happiness is a joyful feast even if the first course was misery that had to be gulped away.,happy
Enjoy the sound of a centered soul in the harmonious bliss of happiness.,happy
"On the route to happiness, many get detoured in the curved direction.",happy
Happiness is contagious; sparking it off for one will spread the glow to many.,happy
Happiness needs to spread its wings and grow into every facet and not enclosed a clung perception of a limited enclosure.,happy
Happiness is ordinary and everyday consciousness without a concentration on the self concern.,happy
The greatest gift to those who love us is simply being happy.,happy
"You may not always be happy, but can always spread happiness.",happy
Happiness is not ruined in moments of great catastrophes but a repetition of minute habits.,happy
A twinge of happiness scatters a mass multitude of grief.,happy
Happiness has to be produced to be consumed.,happy
You are only as miserable as you perceive to be. Misery is created with seeds sprouted in thoughts of negativity.,happy
Happiness is the core of wisdom.,happy
Happiness is the task of the inner soul.,happy
Unhappiness is aspiring on a lost cause to get unknown wants.,happy
"Be happy in the present, or happiness will cease.",happy
Happiness has no attached price tags.,happy
"In a state of calmness and serenity, inner peace overwhelms painful outer experiences.",happy
"Happiness clustered is limited, but letting go will expand the preciousness of it.",happy
Valuing the joy and merit of others will lead to happiness.,happy
"Without pain, you will not know happiness.",happy
"Happiness is about your thoughts, messages and actions are in order.",happy
"Happiness is not about owning, earning or consuming, it is gratitude, love and grace in a spiritual reality.",happy
Gathering crumbs of happiness which creates a full loaf of contentment.,happy
Happiness is harmony between men on the course of his life.,happy
Happiness is not about having a troubled mind or a pain in the body.,happy
What we need to make us happy is to be enthusiastic about an aspiration.,happy
Happiness occurs naturally and seldom is a result of circumstances.,happy
"Where there is joy, pain melts away.",happy
"Unhappiness can either be unwholesome food, severe labor or erring life habits.",happy
Many people miss out on the bliss of happiness as they did not stop to embrace and enjoy it.,happy
Being grateful to those that harvest our garden of happiness makes our soul blossom.,happy
"For every one minute of anger, sixty seconds of happiness is lost.",happy
Happiness is a choice that is conscious and not an automated response.,happy
"To be useful is to be happy, and all else, incidental.",happy
Counting all the blessings is a paramount key to unlock the door of happiness.,happy
Happiness is a soul journey.,happy
"The past is gone; the future is not yet here, so we need to embrace the present.",happy
"The best route of awareness is a realization of knowing that your problems are actually your own and there is no point in blaming them on family, the government or the pastor who prayed with you, bringing no results of springing happiness. You are in control of your destiny.",happy
The happiest in the world are those who fully love themselves and accept the responsibility of every life aspect.,happy
Optimism is a magnet of happiness. Staying positive will attract all the best for you.,happy
Practicing true compassion brings immediate happiness that is long lasting.,happy
Happiness is living each day as if it is your first honeymoon day and last vacation day.,happy
Happiness is about choice. Most are as happy as they chose to be.,happy
We must learn to let go of the life we carefully planned and motion with the life waiting in our pathway.,happy
"Freedom is by doing what you prefer to do, but happiness is about liking what you have chosen to do.",happy
Spending a lifetime anticipating and preparing for a storm will seize moments to lay back and devour the sunshine.,happy
"Each day is a new beginning, a new chapter to start afresh in a new spark. Forget about what did not happen or focus on what can be.",happy
"Do not aim to be better than the other person, but aim to better yourself.",happy
"Happiness is not a piece of a lost puzzle, it is self-created.",happy
Choose to live life as the miracle is in everything around you.,happy
"If you chase happiness it eludes you, but just like a butterfly, it will rest on your shoulder if you are not pursuing to capture it.",happy
To be happy does not mean that all is perfect. It means that you have chosen to look beyond any imperfections.,happy
"Whether it is anger, frustration, jealousy or joy, they are all universe gifts for our enjoyment or growth.",happy
"The journey of life should be one you fall in love with and once you love this journey of life, you will always be in love with life.",happy
"Happiness is a direction, not a place. The only thing that will make you happy is being happy with who you are",happy
Happiness is letting go of what you think your life is supposed to look like,happy
Success is not the key to happiness. Happiness is the key to success.Â ,happy
"If you want to be happy, set a goal that manages your thinking, expresses your strengths, and inspires your hopes",happy
Figure out how to esteem yourself which means battling for your satisfaction,happy
"Not he who has much is rich, but he who gives much",happy
"If the only tool you have is a hammer, you tend to see every problem as a nail",happy
You may also like Best Attitude status quotes for WhatsApp,happy
Distance between madness and talent is measured only by success,happy
Never confine yourself to the limited imagination of others; Never limit yourself to others because of your limited imagination,happy
Happiness is not something ready-made. It comes from your own actions,happy
"Happiness and sadness run parallel to each other. When one rests, the other begins to tingle.
.) The purpose of our lives is to be happy",happy
Happiness is not a goal; it is a by-product,happy
The pursuit of happiness is one of the main sources of hunger,happy
"When you love what you have, you have everything you need",happy
"To succeed in life, you need two things: ignorance and confidence",happy
Donâ€™t wait. The time will never be just right,happy
"After every difficulty, ask yourself two questions: â€œWhat did I do right?â€ and â€œWhat would I do differently?",happy
Donâ€™t brood. Get on with living and loving. You donâ€™t have forever,happy
Doing the best at this moment puts you in the best place for the next moment,happy
Lifeâ€™s real failure is when you do not realize how close you were to success when you gave up,happy
"If youâ€™re going through hell, keep going",happy
Happiness is where we find it but rarely where we look for it,happy
Be miserable. Or motivate yourself. Everything you have to do is always your choice,happy
The first step to success is refusing to be a prisoner of the environment when you first find yourself,happy
Donâ€™t miss: + Awesome status in English,happy
Attitude is as important as the ability for success,happy
Judge your success by what you had to give up in order to get it,happy
Spread love everywhere you go. Let no one ever come without leaving happier,happy
There is no cosmetic for beauty like happiness,happy
"Happiness is when what you think, what you say and what you do are consistent",happy
The happiness of your life depends upon the quality of your thoughts,happy
"Happiness always looks small while you hold it in your hands, but let it go, and you learn at once how big and precious it is",happy
Ups and downs. Victories and defeats. Sadness and happiness. Thatâ€™s the best kind of life,happy
Action is the key to all success,happy
Victory is sweetest when youâ€™ve known defeat,happy
Success is simple. Do the right thing at the right time,happy
Your work is to discover your world and then with all your heart,happy
"Achievement, as a rule, goes to the individuals who are excessively occupied for it",happy
Success is largely a matter of holding on after others have let go,happy
Start where you are. Use what you have. Do what you can,happy
"Success seems to be connected with action. Successful people keep moving. They make mistakes, but they donâ€™t quit",happy
"embarrassed by your failures, learn from them and start again",happy
"I canâ€™t give you the formula for success, but I can give you the formula for failure which is: Try to make everyone happy",happy
Success is going from failure to failure without losing enthusiasm,happy
"If you think a simple task is powerful, just keep going",happy
The successful man is the one who finds out what is the matter with his business before his competitors do,happy
"You have to learn the rules of the game. At that point, you need to play better than any other person",happy
"Amateurs sit and wait for inspiration, the rest of us just get up and go to work",happy
Donâ€™t interfere with what you canâ€™t do,happy
Life isnâ€™t about finding yourself. Life is about creating yourself,happy
Success is about how high you jump when you hit the bottom,happy
Ever tried. Ever failed. No matter. Try Again. Fail again. Fail better,happy
What seems to us as bitter trials are often blessings in disguise,happy
"Your attitude, not your aptitude, will determine your altitude",happy
"The successful warrior is the average man, with laser-like focus",happy
My real smile comes out when i am with you â™¥,happy
Love + Trust + Honesty = Long Lasting Relationship.,happy
"""Life is not about who hurt you and broke you down. It's about who was always there and who made you smile again """,happy
"I can see the future , Let me give you a Clue , it's "" ME + U """,happy
Sometimes words are not enough.,happy
"A Man who truly loves you will be angry at you for so many things, but will never leave you.",happy
"Love is sweet when its new, but sweeter when its true.",happy
"Love is blind, Be careful",happy
The best love story is when you fall in love with the most unexpected person.,happy
Its nice when someone cares about you as much as you care about them.,happy
"Dude,you are lucky, you got her. She is YOURS. So step up, treat her right or she wont be yours for long.",happy
Just seeing your smile makes me feel better inside.,happy
"LOVE Is The other Name ofRespect,If You Can't Respect Your LovedOne,....Then You Don't Deserve to BeLoved",happy
Every girl needs a good guy who can help her laugh when she thinks she will never smile again,happy
"A Memory of true Love is like a favorite Song, no matter how many times it plays again, You never get tired of it.",happy
"Every GIRL deserves a boy who can change her LIFE, not only her relationship status.",happy
"I don't need a perfect relationship, I just need someone who won't give up on me.",happy
"Because of you, I laugh a little louder, cry a lot less, and smile a lot more.",happy
Call me old fashioned but i actually take relationships seriously.,happy
Love is sweet when it's new. But it is sweeter when it's true,happy
"I hate it when Facebook's always asking me what is on my mind, coz it's always you. and I won't share you. â™¥",happy
Relationships takes two people . Not one person being faithful and another acting single .,happy
Sitting alone and enjoying your own company is better than being surrounded by fake people.,happy
"Everybody knows how to love, but only few people know how to stay in love with one person forever.",happy
"If you love her, dont ever make her cry.",happy
Its nice when someone cares about you as much as you care about them.,happy
"I may not be perfect, but I am original.",happy
Communication+Trust = A relationship that will last a lifetime.,happy
"i just want a cute, long lasting relationship.",happy
A single text from you can change my mood at any moment.,happy
"Relationships are like drugs, they either kill you, or give you the best feeling of your life.",happy
A day without you is always incomplete.,happy
"First you care, then you get hurt.",happy
"Good relationships don't just happen. They take time, patience, and two people who truly want to be together.",happy
"In every girl's life, there's a boy she'll never forget; In every boy's life there's a girl he can never get â™¥",happy
"Relationships start with ""Can we talk?"" and end in ""We need to talk"".",happy
I love it when you hold me like you will never let me go.,happy
Even though we are million miles away. We will always be together.,happy
I get mad because i care.,happy
"Love doesn't depend on sight or sound, just heart beats.",happy
"I want vitamin ""U""",happy
"Your girlfriend is gorgeous and loyal. Why flirt with other girls? Why cheat? It's like throwing away a diamond, and picking up a rock.",happy
My heart is perfect because.. you are inside.,happy
I want an honest relationship. no secrets. no lies. no cheating.,happy
"Whatever the question, the answer is love.",happy
The happiest couples never have the same character. They have the best understanding of their differences...,happy
Nice Lips . . . Can i kiss them ? â™¥,happy
"saying ""I've moved on!"" but still feeling something when suddenly see the person",happy
Best relationships usually begins UNEXPECTEDLY,happy
A Broken heart is what Changes People.,happy
i will never hurt you is one of the most popular lies.,happy
"It's crazy how you can go months or years without talking to someone, but they still cross your mind everyday",happy
"IF you really love that person, you wouldnt even think about cheating on them.",happy
"Make a relation with someone, who is not only proud to have you but will take every risk to be with you..:)",happy
I won't give up on us â™¥,happy
"""Real men don't date the most beautiful girl in the world, they date the girl who makes their world the most beautiful.""",happy
"Beauty isn't about having a pretty face. It's about having a pretty mind, a pretty heart, and a pretty soul.",happy
Distance means nothing when someone means everything.,happy
"""â€œIf you judge people, you have no time to love them.â€ - Mother Teresa""",happy
I m in love with you.,happy
"Cheer up, sweet beautiful girl you are going to love again and it will be magnificent.",happy
"Sometimes love is like a cactus. The tighter you try to hold on, the more it hurts.",happy
We are more than friends but less than a couple.,happy
"My ""Heart"" is always your!",happy
"A true relationship is having someone who accepts your past, supports your present, loves you and encourages your future.",happy
"i love you, but i hate the way you act sometimes.",happy
The hardest thing is not talking to someone you used to talk to everyday.,happy
You don't mean ANYTHING to me... you mean EVERYTHING to me...,happy
Distance is just a test to see how far love can really go.,happy
Behind every beautiful girl is the ugly relationship that made her scared to love again.,happy
Just because we're not close anymore doesn't mean I don't care about you.,happy
"Relationships where you just sit around doing nothing,but still have fun because you're together. â™¥",happy
"Donâ€™t Make Me An Option, When Iâ€™ve Made You My Priority.",happy
"My love for you is like a circle, it has no end.",happy
"3 main rules in relationships: Dont lie, dont cheat and dont make promises you cant keep.",happy
"Dear Ladies if he takes time to argue with you, he cares about you more than you think.",happy
"We met, we talked, we liked, we called, we texted, we dated, we committed, I loved, you cheated, we're done, you're deleted.",happy
"A real boyfriend never ""gives up"" on his girl. He fights for her .",happy
There is always someone who loves you more than you know.,happy
"I'm loyal, but it always seems like I'm loyal to the wrong people.",happy
"When people get suspicious, trust disappears.",happy
Love yourself first and everything else falls into line.,happy
"You are every reason, every hope and every dream I've ever had.",happy
"True love doesn't have a happy ending,because True love never ends....",happy
"Looks aren't everything. Find a heart that will love you at your worst , & arms to hold you at your weakest. â™¥",happy
"""Girls want a guy who say "" i love you "" every night and proves it every day .""",happy
"If you were thinking about someone, while Studying you're definitely in Love.",happy
A relationship will only go as far as you both want it to.,happy
"Maybe we donâ€™t have a Perfect Relationship. We fought, argue, cry, commit mistakes. But we have Similarities, weâ€™re both Love each other.",happy
"Texting is fine, calling is okay. But being with you is the best.",happy
True Love = No doubts + No jealousy + No worries then life is good.,happy
"I'm not ignoring you, I'm just waiting for you to talk to me first.",happy
"My ""last seen at"" was just to check your ""last seen at"".",happy
"I need someone who will actually stand by my side, no matter what mood i am in .",happy
why jump into a reationship if your clearly not over the last one? thats not fair to the other person,happy
I enjoy every moment I spend with you.,happy
"Love when you're ready, not when you are alone.",happy
I want someone who comes into my life by accident and stays on purpose.,happy
"My mom told me angels are in heaven, so why is she on Earth?",happy
Relationship starts with can we talk and ends with we need to talk.,happy
We all want someone who is scared to lose us and would do anything to keep us. â™¥,happy
"If my love for you is a crime, I want to be the most wanted criminal.",happy
"""There are Billions of people in this World But Sometimes you really need just One.""",happy
Listen to my little heart. It always says your name with every heartbeat.,happy
"Love isn't complicated, people are.",happy
In life I need only you!,happy
"I don't need geography, you are my world. â™¥",happy
"Accept me at my strongest, support me at my weakest",happy
Love is The Greatest Refreshment in Life.,happy
A real man can't stand seeing his woman hurt. He is careful with his decisions and actions so he never have to be responsible for her pain.,happy
I Love U Dear With Every Beat Of My Heart.,happy
Your heart and mine are forever one.,happy
The best feeling is that first kiss.,happy
True love is when the only thing that makes you cry is seeing the one you care about unhappy.,happy
love me less but love me long...,happy
"Dont promise me the moon or the stars, just promise you will stay under them with me forever.",happy
"Fire is like love, it keeps you warm but sometimes you'll get burned.",happy
"We all have that one person that we will always have feelings for no matter what.
Just one look and it takes you right back to those memories.",happy
"Sometimes i pretend that i dont care. But really, i care more than anyone else ever will.",happy
"His story is History, My Story is Mystery.",happy
"Love is a bird, let it fly.",happy
"Sometimes, I do want a romantic relationship like in the movies.",happy
True love doesnâ€™t mean being inseparable; it means being separated and nothing changes.,happy
Typing a huge Paragraph with your true feelings but then erasing it and typing .. yeah ..,happy
The best relationship is when you can lay next to each other and just talk about anything and everything.,happy
"Love is not about how much you say ""i love you"" but how much you can prove that it's true.",happy
Love Is Blind But Beautiful,happy
"""Sometimes we don't know if some1 really have feelings for us, Or if it's all just a game""",happy
A relationship where you can act like complete idiots together is the sweetest thing ever.,happy
Wait for the boy that would do anything to be your everything,happy
Laughing while kissing means I am completely comfortable with you.,happy
You canâ€™t be just friends with someone youâ€™re madly in love with,happy
I Don't Ask For Much Because With You I Have Everything.,happy
"The hardest part of acting like you donâ€™t care, is knowing how much you actually do.",happy
True Love Has a Habbit of coming Back.,happy
All I need is your love.,happy
Love is master key of opening a gate of happiness.,happy
"I can live without money, but I cannot live without Love.",happy
I need you like a heart needs a beat.,happy
Love is so strange.. sometimes it becomes reason to live life..!! and sometimes it becomes reason to leave life.. ..!!,happy
Best feeling comes when you get text from the person you were thinking about. â™¥,happy
"I think i love you, but don't even know you.",happy
Relationships fail because girls love too much and the boys love too many.,happy
"I still care, that â€˜s the problem",happy
"Some love one, some love two. I love one that is you.",happy
God asks only that you include yourself among those you love.,happy
I think the perfect hugs are when someone hugs me without me asking.,happy
"The shortest word for me is ""I""... The sweetest word for me is ""Love""... The only word for me is ""You""...",happy
The best feeling is when you look at the one you love and theyâ€™re already looking at you.,happy
"One love, one heart, one destiny.",happy
"If we kiss , i'm biting your lip â™¥",happy
True love does not tolerate outsiders,happy
Donâ€™t play with someoneâ€™s heart if you have no intention for a SERIOUS RELATIONSHIP .,happy
LoVe ThE oNe WhO LoVeS YoU..... nOt ThE oNe WhOm YoU LoVe.,happy
We fall in love by chance. We stay in love by choice.,happy
You're like a drug that's killing me.,happy
"Without trust you don't have a relationship, just two friends who act like lovers.",happy
With You It's Different.,happy
I'm not her first but I will do anything to be her last. She is my one and only.,happy
"Dont promise me the moon or the stars, just promise you will stay under them with me forever.",happy
I admit that i get Jealous when youâ€™re talking to someone else instead of me.,happy
Every relationship has its problems. But what makes it perfect is when you still want to be there when everything sucks!,happy
"I like when you smile, but I love it when Iâ€™m the reason.",happy
You dont need somebody to tell you they love you. You can tell by the way they treat you.,happy
"I want a long, cute relationship where everyone is like ""DAMN, they're still together?"" ",happy
"We come to love not by finding a perfect person, but by learning to see an imperfect person perfectly.",happy
You're the girl that I want to grow old with.,happy
I only want 3 things: See you. Hug you. Kiss you.,happy
I love you more today than yesterday but I do love you less today than I will tomorrow.,happy
"I love when people are straight up honest with their feelings, it makes everything so much easier.",happy
Every time I look at the keyboard U and I always together.,happy
Can I borrow a Kiss? I promise I'll give it back.,happy
"The person who hates you, loves you the most.",happy
I don't even know why I like you. But I just do.,happy
"Don't try to understand a Girl Completely , If u Do You either go Mad Or You will start Loving her.",happy
"You know you have experienced real love, when you have lost it. ",happy
True Love never dies it only gets stronger with time. ,happy
Apologizing doesn't mean you were wrong. It simply means you value your love and friendship over your ego.,happy
"When you really care about someone, their happiness matters more than yours.",happy
"Love is that ,which can never explained.",happy
"Love does not begin and end the way we seem to think it does. Love is a battle, love is a war; love is a growing up.",happy
Only you can give me that feeling.,happy
True love has a habit of coming back.,happy
I lost my Heart Can Any body See...??,happy
Donâ€™t give them the keys to your heart if you know they will lose it. Love is about taking risks not being stupid.,happy
"Honestly, I don't have time to hate people who hate me cause I'm too busy loving people who love me.",happy
"Love is a feeling, give it when I want it, babe.",happy
"I don't fall in love with faces, I fall in love with personalities.",happy
I don't want to listen to just what you say. I want to feel what you mean.,happy
You don't really need someone to complete you. You only need someone to accept you completely.,happy
I just had to come talk with you. Sweetness is my weakness.,happy
"I don't want much... Just your hugs, kisses and you.",happy
Being faithful is not hard if you really care about them.,happy
"I love you and you love me, then why can't we be together?",happy
"Dear heart, please fall in love only when you're ready, not when you're lonely.",happy
"Love is cute when it's new, but love is most beautiful when it lasts.",happy
Love never dies...only the lover changes.,happy
Being in LOVE is like Being DRUNK. No control over what you do.,happy
"The less you open your heart, the more your heart suffers.",happy
"I love you, just the way you are.",happy
When love is not madness it is not love.,happy
"We argue, we fight....but by the end of the night, we're alright",happy
A girl is happiest when she knows you make her your everything. In front of everyone.. every time,happy
"Even if I had a million reasons to move on, I'd still look for one to stay.",happy
I hate fighting with the one person who makes me smile the most.,happy
Love is being stupid together.,happy
"Deep inside my heart, I still feel I need someone to love and care.",happy
You left me? Fine! But don't love somebody else in front of me.,happy
If you fall in love... be ready for the tears..!!,happy
"Believe, hope, and pray for love, but don't put your life on hold waiting for love.",happy
Love is in your heart.. Peace is in you nerves.. Truth is in your mind.,happy
A relationship with God is the most important relationship you can have.,happy
"Sometimes I push you away, because i need you to pull me closer.",happy
"if she's amazing,she wont be easy.if shes easy, she wont be amazing. if shes worth it, you wont give up, if you give up you're not worth it.",happy
The way to fill your life with love is very simple: if you want more love give more love.,happy
"I love seeing couple fall in love and stay in love, its so rare these days.",happy
"I don't want anyone else to have your heart, kiss your lips, be in your arms, be the one you love. I don't want anyone to take my place.",happy
Not even a million fights could make me hate you .,happy
Your love is all I need to feel complete.,happy
Love is what makes you smile when you're tired.,happy
Love the person who really suffers without you..!!,happy
"To know the person, you must love him",happy
Love is when the heart beats faster,happy
You are my favorite reason to lose my sleep.,happy
The person loves you more will fight with you daily without any reason,happy
Let all that you do be done n love.,happy
If you love something set it free.,happy
"if you truly love someone, Being faithful is easy.",happy
if love is true ...it will always find a way.,happy
I really want a relationship. A long one. A happy one.,happy
I don't know which is worse; keeping your love for someone a secret or telling them and being rejected.,happy
Gravitation is not responsible for people falling in love.,happy
"If I tell you ""I love you"" then I actually do love you.",happy
Best conversations usually happen late at night.,happy
Sometimes you just need to maintain a distance to keep them close to you.,happy
Retweet if I am not following you and you want me to! I will follow you back :) ,happy
"To be honest, you are the only one i have ever spent this much time and effort on.",happy
Just because I'm busy doesn't mean I don't love you,happy
"I need you, you need me. Let's make it work.",happy
Love me for a second and I'll love you forever.,happy
Be the type of person you want to meet.,happy
forever is a long time but i wouldnt mind spending it by your side.,happy
She loves me or not but I love her a lot.,happy
Love never fail.we fail to love.,happy
"You cannot belong to someone else, until you belong to yourself.",happy
"Sometimes, when you madly love someone, you don't need words to describe it",happy
It's nice when someone cares about you as much as you care about them.,happy
Your Love Is Like Wine; I Want To Get Drunk,happy
Loving isn't caretaking and caretaking isn't love. we can't buy love... it's a gift.,happy
True love isnâ€™t love at first sight but love at every sight.,happy
Love is like war: easy to begin but very hard to stop.,happy
We are shaped and fashioned by those we love.,happy
I love you more than there are stars in the sky and fish in the sea.,happy
True love doesnâ€™t have happy ending â€¦it has No ending.,happy
"I don't hate Peoples ,I just love Peoples who loves me.",happy
"The heart that loves, stays always young.",happy
GIRL: Describe me in 1 word. â€”- BOY: Mine ,happy
Love means exposing yourself to the pain of being hurt by someone you trust.,happy
"Love begins with a smile, grows with a kiss, and ends with a teardrop.",happy
"I've no idea what happened to me, but all I know it's I love you.",happy
loves when you listen to a song and it relates 100% sure to how you feel. ,happy
I wish you could love me the way I love you.,happy
You taught me how to love but not how to stop.,happy
By far the most important form of attention we can give loved one is listening.,happy
I don't want to listen to just what you say. I want to feel what you mean.,happy
Be like a flower that gives its fragrance to even the hand that crushes it.,happy
"Peopel love others not for who they are, but for how they make us feel.",happy
At the touch of love everyone becomes a poet.,happy
Cuddling with you would be perfect right now.,happy
The tighter the hug the better it feels.,happy
"It's been said that you only truly fall in love once, but I don't believe that. Every time I see you, I fall in love all over again.",happy
"I love your smile, your eyes, your laugh, your personality, your humor but the only thing I hate is that "" I will never be yours... """,happy
Every girl needs a good guy to help her laugh when she thinks she'll never smile again.,happy
"You have no idea how much l like you. How much you make me smile, how much l love talking to you, or how much l wish you were here.",happy
"Someone who truly loves you, sees what a mess you can be, how moody you can get, and how hard you can be to handle, but still wants you.",happy
Good relationship is worth the wait . ,happy
"You either live in love or die, there is no way in between",happy
When I count my blessings i count you twice.,happy
When I talk to you i fall in love over and over again.,happy
I love you even when I hate you.,happy
"I love you yesterday I love you still, I always have... I always will",happy
Love is the only thing that control every single emotion you have.,happy
"Love never fails and when it fails in life, then its not love!",happy
Wanna Hug Yuh soo tight..That even air couldn't fill the space between us,happy
"Don't kiss behind the garden, Love is blind but the neighbours are not.",happy
One day you'll meet someone who doesn't care about your past because they want to be with you in future.,happy
We are incapable of loving another unless we love ourselves.,happy
Hattered does not cease with hatered. Haterd ceases by love.,happy
Jealousy is just Love and Hate at the same Time,happy
Give me a man any time who does good to me because he loves me rather that one does good to me in order to fulfill his moral duty.,happy
wait for the boy that would do anything to be your everything .,happy
"Everytime I look at the keyboard, I always see U and I together.",happy
"""Another year over, and we are still together. Its not always easy, but i'll be there forever. (:""",happy
"Love is not what the mind thinks, but what the heart feels.",happy
"â€œLove is many things,none of them logical.â€",happy
You think you're one of millions but you're one in a million to me.,happy
I want you today and tomorrow and next week and for the rest of my life.,happy
You can never buy Love....But still you have to pay for it.,happy
"Love reveals all things, believes all things, endures all things. Love never fails.",happy
"If you would learn the secret of right relations, look only for the divine in people and things, and leave the rest to God.",happy
In Love 'Sorry' Should Not Have To Be Said,happy
"If I know what love is, it is because of you.",happy
The spaces between your fingers are meant to be filled with mine.,happy
"In you i H've Found the love of my life and my closest, truest friend.",happy
The magic of first love is our ignorance that it can never end.,happy
Love can't be found Where it doesn't exist ..,happy
